{
  "Total" : {
    "transaction" : "Total",
    "sampleCount" : 15,
    "errorCount" : 0,
    "errorPct" : 0.0,
    "meanResTime" : 859.6,
    "medianResTime" : 858.0,
    "minResTime" : 628.0,
    "maxResTime" : 1137.0,
    "pct1ResTime" : 1072.8,
    "pct2ResTime" : 1137.0,
    "pct3ResTime" : 1137.0,
    "throughput" : 8.527572484366118,
    "receivedKBytesPerSec" : 1322.9318416003412,
    "sentKBytesPerSec" : 1.2524872086412735
  },
  "HTTP Request to get the post for id" : {
    "transaction" : "HTTP Request to get the post for id",
    "sampleCount" : 15,
    "errorCount" : 0,
    "errorPct" : 0.0,
    "meanResTime" : 859.6,
    "medianResTime" : 858.0,
    "minResTime" : 628.0,
    "maxResTime" : 1137.0,
    "pct1ResTime" : 1072.8,
    "pct2ResTime" : 1137.0,
    "pct3ResTime" : 1137.0,
    "throughput" : 8.527572484366118,
    "receivedKBytesPerSec" : 1322.9318416003412,
    "sentKBytesPerSec" : 1.2524872086412735
  }
}