{
  "Get all activities" : {
    "transaction" : "Get all activities",
    "sampleCount" : 30,
    "errorCount" : 0,
    "errorPct" : 0.0,
    "meanResTime" : 2530.4,
    "medianResTime" : 2435.5,
    "minResTime" : 2069.0,
    "maxResTime" : 3047.0,
    "pct1ResTime" : 2986.7,
    "pct2ResTime" : 3018.95,
    "pct3ResTime" : 3047.0,
    "throughput" : 6.544502617801047,
    "receivedKBytesPerSec" : 2.254785667539267,
    "sentKBytesPerSec" : 1.1804390952225132
  },
  "Total" : {
    "transaction" : "Total",
    "sampleCount" : 30,
    "errorCount" : 0,
    "errorPct" : 0.0,
    "meanResTime" : 2530.4,
    "medianResTime" : 2435.5,
    "minResTime" : 2069.0,
    "maxResTime" : 3047.0,
    "pct1ResTime" : 2986.7,
    "pct2ResTime" : 3018.95,
    "pct3ResTime" : 3047.0,
    "throughput" : 6.544502617801047,
    "receivedKBytesPerSec" : 2.254785667539267,
    "sentKBytesPerSec" : 1.1804390952225132
  }
}